Date,Time,Day,Level,Side,Height (Inches),Width (Inches),Leaf (Inches),Flowers
8/21/2024,7:23 PM,1,1,room,2.375,3.125,1.625,
8/21/2024,7:26 PM,1,1,window,1.625,4.25,2.5,
8/21/2024,7:27 PM,1,2,room,1.375,3.5,2.25,
8/21/2024,7:28 PM,1,2,window,2.25,3.25,2,
8/21/2024,7:37 PM,1,3,room,3.75,4.25,2.75,
8/21/2024,7:38 PM,1,3,window,2.375,2.625,1.25,
8/21/2024,7:39 PM,1,4,room,2,4.125,2.125,
8/21/2024,7:40 PM,1,4,window,1.625,2.625,1.5,
8/21/2024,7:41 PM,1,5,room,2.625,3.25,2.125,
8/21/2024,7:42 PM,1,5,window,3,3,2.25,
8/21/2024,7:43 PM,1,6,room,2.875,3.75,2.75,
8/21/2024,7:44 PM,1,6,window,2,2.75,2.875,
8/21/2024,7:44 PM,1,7,room,1.75,3.5,1.5,
8/21/2024,7:45 PM,1,7,window,3,3.25,1.25,
8/21/2024,7:46 PM,1,8,room,1.5,3,1.75,
8/21/2024,7:47 PM,1,8,window,2.625,3.25,2,
8/21/2024,7:48 PM,1,9,room,2,3,1.875,
8/21/2024,7:48 PM,1,9,window,2.625,3.75,2.25,
8/21/2024,7:49 PM,1,10,room,2,3.375,1.875,
8/21/2024,7:50 PM,1,10,window,1.375,3.375,1.875,
8/22/2024,7:29 PM,2,1,room,2.5,3.5,1.625,
8/22/2024,7:30 PM,2,1,window,2.5,4.75,2.375,
8/22/2024,7:31 PM,2,2,room,1.5,3.375,2,
8/22/2024,7:32 PM,2,2,window,2.5,3.875,2,
8/22/2024,7:33 PM,2,3,room,3,2.75,2.625,
8/22/2024,7:34 PM,2,3,window,2.5,3.75,1.5,
8/22/2024,7:34 PM,2,4,room,2,3.75,2,
8/22/2024,7:35 PM,2,4,window,2,3,1.625,
8/22/2024,7:36 PM,2,5,room,2.75,4.875,2.25,
8/22/2024,7:37 PM,2,5,window,2.875,3.5,2.125,
8/22/2024,7:38 PM,2,6,room,3,4,2.625,
8/22/2024,7:39 PM,2,6,window,2,2.75,1.5,
8/22/2024,7:40 PM,2,7,room,2.125,3.25,1.75,
8/22/2024,7:42 PM,2,7,window,2.625,3.875,1.75,
8/22/2024,7:42 PM,2,8,room,1.5,3.5,2,
8/22/2024,7:43 PM,2,8,window,2.635,3.75,2,
8/22/2024,7:44 PM,2,9,room,2,2.75,2,
8/22/2024,7:45 PM,2,9,window,3.25,3.75,2.375,
8/22/2024,7:46 PM,2,10,room,2,3.75,2,
8/22/2024,7:47 PM,2,10,window,1.75,4,1.75,
8/23/2024,1:56 PM,3,1,room,3,3.5,1.75,
8/23/2024,1:57 PM,3,1,window,2.375,4,2.5,
8/23/2024,1:57 PM,3,2,room,2.875,3.5,1.75,
8/23/2024,1:58 PM,3,2,window,2.5,3.75,2,
8/23/2024,1:59 PM,3,3,room,3.5,4.25,2.75,
8/23/2024,2:00 PM,3,3,window,2.5,3.5,1.5,
8/23/2024,2:00 PM,3,4,room,2.875,3.5,2,
8/23/2024,2:01 PM,3,4,window,2,3.125,1.625,
8/23/2024,2:02 PM,3,5,room,2.375,4.375,2.375,
8/23/2024,2:03 PM,3,5,window,3.875,4,2.25,
8/23/2024,2:03 PM,3,6,room,3.25,4,2.75,
8/23/2024,2:04 PM,3,6,window,2.125,2.75,1.75,
8/23/2024,2:05 PM,3,7,room,2.125,3.75,1.75,
8/23/2024,2:06 PM,3,7,window,2.875,3.875,2,
8/23/2024,2:06 PM,3,8,room,2.625,3.75,2.125,
8/23/2024,2:07 PM,3,8,window,2.625,4,2.125,
8/23/2024,2:08 PM,3,9,room,2.125,2.75,1.875,
8/23/2024,2:09 PM,3,9,window,3.5,3.75,2.5,
8/23/2024,2:09 PM,3,10,room,2.25,4,2,
8/23/2024,2:10 PM,3,10,window,1.75,4.75,1.875,
8/24/2024,11:37 AM,4,1,room,2.75,3.75,2.25,
8/24/2024,11:37 AM,4,1,window,2.75,4.75,2.125,
8/24/2024,11:38 AM,4,2,room,2.125,3.875,1.875,
8/24/2024,11:39 AM,4,2,window,3.125,4.25,2,
8/24/2024,11:40 AM,4,3,room,3.75,4.75,2.75,
8/24/2024,11:41 AM,4,3,window,2.75,4,1.625,
8/24/2024,11:41 AM,4,4,room,2.875,4.375,2,
8/24/2024,11:42 AM,4,4,window,2.25,3.875,1.625,
8/24/2024,11:44 AM,4,5,room,3.125,4.75,2.5,
8/24/2024,11:45 AM,4,5,window,3.375,4.375,2.375,
8/24/2024,11:46 AM,4,6,room,3,4.375,2.625,
8/24/2024,11:46 AM,4,6,window,2.5,4,1.75,
8/24/2024,11:48 AM,4,7,room,2.25,3.875,1.75,
8/24/2024,11:49 AM,4,7,window,3,4.375,2.375,
8/24/2024,11:50 AM,4,8,room,1.875,4.25,2.25,
8/24/2024,11:50 AM,4,8,window,3.125,4.25,2.25,
8/24/2024,11:51 AM,4,9,room,2.375,3.875,2,
8/24/2024,11:52 AM,4,9,window,3.875,4.375,2.625,
8/24/2024,11:53 AM,4,10,room,2.5,4,2.25,
8/24/2024,11:53 AM,4,10,window,2.25,5,2.125,
8/25/2024,10:39 AM,5,1,room,2.8,3.62,2.06,
8/25/2024,10:40 AM,5,1,window,3.61,4.55,2.3,
8/25/2024,10:41 AM,5,2,room,3.65,4.04,2.02,
8/25/2024,10:42 AM,5,2,window,3.21,4.84,2.05,
8/25/2024,10:43 AM,5,3,room,4.21,4.22,2.9,
8/25/2024,10:44 AM,5,3,window,2.72,4.04,1.51,
8/25/2024,10:45 AM,5,4,room,3.01,4.84,2.13,
8/25/2024,10:46 AM,5,4,window,2.58,3.91,1.93,
8/25/2024,10:47 AM,5,5,room,3.3,5.04,2.55,
8/25/2024,10:48 AM,5,5,window,3.87,4.49,2.4,
8/25/2024,10:49 AM,5,6,room,2.75,4.24,2.66,
8/25/2024,10:50 AM,5,6,window,2.81,3.87,2.01,
8/25/2024,10:51 AM,5,7,room,2.59,4.23,1.9,
8/25/2024,10:52 AM,5,7,window,3.07,3.82,2.48,
8/25/2024,10:52 AM,5,8,room,2.19,4.17,2.17,
8/25/2024,10:53 AM,5,8,window,3.52,4.56,2.3,
8/25/2024,10:54 AM,5,9,room,2.81,3.8,1.87,
8/25/2024,10:55 AM,5,9,window,4.44,4.32,2.55,
8/25/2024,10:55 AM,5,10,room,3.17,4.57,2.15,
8/25/2024,10:56 AM,5,10,window,2.21,5.08,1.73,
8/26/2024,6:31 PM,6,1,room,3.35,4.04,2.2,
8/26/2024,6:33 PM,6,1,window,3.61,4.85,2.43,
8/26/2024,6:34 PM,6,2,room,2.84,3.97,1.66,
8/26/2024,6:35 PM,6,2,window,3.7,4.97,2.14,
8/26/2024,6:35 PM,6,3,room,4.19,4.6,2.7,
8/26/2024,6:36 PM,6,3,window,3.5,4.34,1.67,
8/26/2024,6:37 PM,6,4,room,2.85,4.95,2.33,
8/26/2024,6:38 PM,6,4,window,3.15,4.23,2.03,
8/26/2024,6:39 PM,6,5,room,3.24,5.23,2.72,
8/26/2024,6:40 PM,6,5,window,4.86,4.45,2.5,
8/26/2024,6:41 PM,6,6,room,2.67,3.97,2.7,
8/26/2024,6:42 PM,6,6,window,3.07,4.18,2.18,
8/26/2024,6:43 PM,6,7,room,2.81,4.26,2.06,
8/26/2024,6:44 PM,6,7,window,3.19,3.9,2.62,
8/26/2024,6:45 PM,6,8,room,2.38,3.82,2.29,
8/26/2024,6:45 PM,6,8,window,3.63,4.71,2.52,
8/26/2024,6:46 PM,6,9,room,2.85,3.86,2.16,
8/26/2024,6:47 PM,6,9,window,5.53,4.54,2.65,
8/26/2024,6:48 PM,6,10,room,4.14,4.56,2.14,
8/26/2024,6:49 PM,6,10,window,2.65,5.47,1.93,
8/27/2024,1:58 PM,7,1,room,3.08,4.55,2.42,
8/27/2024,2:00 PM,7,1,window,3.68,4.9,2.55,
8/27/2024,2:00 PM,7,2,room,3.6,3.84,1.74,
8/27/2024,2:01 PM,7,2,window,3.11,4.32,2.11,
8/27/2024,2:02 PM,7,3,room,4.39,5.07,3.06,
8/27/2024,2:03 PM,7,3,window,2.89,4.31,1.7,
8/27/2024,2:04 PM,7,4,room,2.46,4.85,2.44,
8/27/2024,2:05 PM,7,4,window,3.02,4.35,2.13,
8/27/2024,2:06 PM,7,5,room,3.97,5.21,2.76,
8/27/2024,2:07 PM,7,5,window,4.69,4.28,2.45,
8/27/2024,2:08 PM,7,6,room,2.84,4.15,2.59,
8/27/2024,2:09 PM,7,6,window,3.27,4.44,2.21,
8/27/2024,2:09 PM,7,7,room,3.37,4.55,2.22,
8/27/2024,2:10 PM,7,7,window,3.28,3.79,2.66,
8/27/2024,2:11 PM,7,8,room,2.57,4.12,2.29,
8/27/2024,2:12 PM,7,8,window,4.27,4.61,2.59,
8/27/2024,2:13 PM,7,9,room,2.88,3.97,2.11,
8/27/2024,2:14 PM,7,9,window,5.55,4.92,2.9,
8/27/2024,2:15 PM,7,10,room,3.73,4.45,2.13,
8/27/2024,2:16 PM,7,10,window,2.76,5.72,2.1,
8/28/2024,9:51 AM,8,1,room,3.28,4.25,2.35,
8/28/2024,9:54 AM,8,1,window,4.02,5.18,2.56,
8/28/2024,9:54 AM,8,2,room,2.68,4.07,1.74,
8/28/2024,9:56 AM,8,2,window,3.6,5.06,2.44,
8/28/2024,9:57 AM,8,3,room,4.59,5.39,2.72,
8/28/2024,9:58 AM,8,3,window,3.7,5.04,1.86,
8/28/2024,9:59 AM,8,4,room,3.45,5.16,2.59,
8/28/2024,9:59 AM,8,4,window,3.34,4.83,2.04,
8/28/2024,10:00 AM,8,5,room,4.44,5.02,2.82,
8/28/2024,10:02 AM,8,5,window,5.04,4.09,2.66,
8/28/2024,10:03 AM,8,6,room,2.92,3.91,2.68,
8/28/2024,10:04 AM,8,6,window,3.48,4.64,2.3,
8/28/2024,10:05 AM,8,7,room,3.34,5.17,2.41,
8/28/2024,10:06 AM,8,7,window,3.62,3.95,2.66,
8/28/2024,10:07 AM,8,8,room,2.92,4.28,2.36,
8/28/2024,10:08 AM,8,8,window,4.27,4.86,2.52,
8/28/2024,10:09 AM,8,9,room,3.93,4.68,2.17,
8/28/2024,10:11 AM,8,9,window,5.84,4.97,3.02,
8/28/2024,10:11 AM,8,10,room,4.08,4.69,2.17,
8/28/2024,10:12 AM,8,10,window,2.82,5.62,2.09,
8/29/2024,9:40 AM,9,1,room,3.44,4.93,2.59,
8/29/2024,9:42 AM,9,1,window,3.91,5.19,2.6,
8/29/2024,9:43 AM,9,2,room,3.09,3.88,1.9,
8/29/2024,9:44 AM,9,2,window,3.59,5.35,2.57,
8/29/2024,9:45 AM,9,3,room,4.97,5.94,2.93,
8/29/2024,9:46 AM,9,3,window,3.39,4.57,1.95,
8/29/2024,9:47 AM,9,4,room,3.74,5.19,2.54,
8/29/2024,9:47 AM,9,4,window,3.02,4.63,2.17,
8/29/2024,9:49 AM,9,5,room,3.67,5.39,2.9,
8/29/2024,9:50 AM,9,5,window,5.3,3.94,2.7,
8/29/2024,9:51 AM,9,6,room,3.22,4.19,2.69,
8/29/2024,9:52 AM,9,6,window,3.48,4.8,2.39,
8/29/2024,9:53 AM,9,7,room,3.62,4.99,2.5,
8/29/2024,9:54 AM,9,7,window,3.51,4.14,2.73,
8/29/2024,9:55 AM,9,8,room,3.4,4.8,2.51,
8/29/2024,9:56 AM,9,8,window,4.65,5.05,2.6,
8/29/2024,9:57 AM,9,9,room,3.47,4.84,2.32,
8/29/2024,9:58 AM,9,9,window,6.11,5.11,3.1,
8/29/2024,9:59 AM,9,10,room,4.21,4.92,2.32,
8/29/2024,10:00 AM,9,10,window,3.25,5.37,2.2,
8/30/2024,8:43 AM,10,1,room,3.64,5.28,2.65,
8/30/2024,8:44 AM,10,1,window,3.81,5.24,2.68,
8/30/2024,8:45 AM,10,2,room,3.26,3.85,1.99,
8/30/2024,8:46 AM,10,2,window,3.78,5.52,2.5,
8/30/2024,8:47 AM,10,3,room,4.95,6.06,2.95,
8/30/2024,8:48 AM,10,3,window,3.74,4.95,2.1,
8/30/2024,8:49 AM,10,4,room,3.95,5.23,2.63,
8/30/2024,8:50 AM,10,4,window,3.14,4.96,2.28,
8/30/2024,8:51 AM,10,5,room,3.77,5.42,2.85,
8/30/2024,8:52 AM,10,5,window,5.75,4.19,2.75,
8/30/2024,8:54 AM,10,6,room,3.21,3.82,2.72,
8/30/2024,8:54 AM,10,6,window,3.84,5.23,2.71,
8/30/2024,8:56 AM,10,7,room,3.74,5.51,2.56,
8/30/2024,8:57 AM,10,7,window,3.46,4.31,2.66,
8/30/2024,8:58 AM,10,8,room,3.19,4.85,2.61,
8/30/2024,8:59 AM,10,8,window,5.12,5.04,2.81,
8/30/2024,9:00 AM,10,9,room,3.62,4.88,2.39,
8/30/2024,9:01 AM,10,9,window,6.625,4.95,3.2,
8/30/2024,9:02 AM,10,10,room,4.48,5.18,2.4,
8/30/2024,9:03 AM,10,10,window,3.65,5.33,2.29,
8/31/2024,1:43 PM,11,1,room,3.59,4.92,2.72,
8/31/2024,1:44 PM,11,1,window,3.92,4.89,2.75,
8/31/2024,1:45 PM,11,2,room,3.07,4.01,2.1,
8/31/2024,1:46 PM,11,2,window,4.2,5.39,2.66,
8/31/2024,1:47 PM,11,3,room,5.15,6.11,3.04,
8/31/2024,1:48 PM,11,3,window,3.62,5.3,2.1,
8/31/2024,1:49 PM,11,4,room,3.96,5.37,2.75,
8/31/2024,1:50 PM,11,4,window,3.38,4.94,2.33,
8/31/2024,1:51 PM,11,5,room,3.66,5.45,2.96,
8/31/2024,1:52 PM,11,5,window,6.13,4.43,2.73,
8/31/2024,1:53 PM,11,6,room,3.32,4.05,2.73,
8/31/2024,1:53 PM,11,6,window,3.93,4.71,2.65,
8/31/2024,1:54 PM,11,7,room,3.93,5.89,2.7,
8/31/2024,1:55 PM,11,7,window,3.37,4.58,2.54,
8/31/2024,1:56 PM,11,8,room,3.16,4.67,2.87,
8/31/2024,1:57 PM,11,8,window,5.24,5.21,2.98,
8/31/2024,1:58 PM,11,9,room,4,4.85,2.76,
8/31/2024,1:59 PM,11,9,window,6.875,4.62,3.32,
8/31/2024,2:00 PM,11,10,room,4.34,5.33,2.63,
8/31/2024,2:02 PM,11,10,window,3.71,5.13,2.31,
9/1/2024,4:38 PM,12,1,room,3.71,5.39,2.88,
9/1/2024,4:40 PM,12,1,window,4.02,5.59,2.75,
9/1/2024,4:41 PM,12,2,room,3.33,4.64,2.13,
9/1/2024,4:42 PM,12,2,window,4.37,6.03,2.75,
9/1/2024,4:42 PM,12,3,room,5.27,6.01,2.99,
9/1/2024,4:43 PM,12,3,window,3.59,6.1,2.17,
9/1/2024,4:44 PM,12,4,room,4.03,5.46,2.78,
9/1/2024,4:45 PM,12,4,window,3.55,5.13,2.26,
9/1/2024,4:46 PM,12,5,room,3.78,5.85,3.22,
9/1/2024,4:48 PM,12,5,window,6.25,5.03,2.87,
9/1/2024,4:50 PM,12,6,room,3.33,4.38,2.81,
9/1/2024,4:51 PM,12,6,window,4.18,5.27,2.87,
9/1/2024,4:52 PM,12,7,room,4.15,6.125,2.17,
9/1/2024,4:53 PM,12,7,window,3.73,4.99,2.72,
9/1/2024,4:54 PM,12,8,room,3.67,4.44,2.95,
9/1/2024,4:55 PM,12,8,window,5.66,4.74,2.98,
9/1/2024,4:56 PM,12,9,room,3.52,5.03,2.6,
9/1/2024,4:57 PM,12,9,window,7.25,5.24,3.44,
9/1/2024,4:58 PM,12,10,room,4.53,5.41,2.71,
9/1/2024,4:59 PM,12,10,window,4.03,5.2,2.31,
9/2/2024,5:51 PM,13,1,room,3.94,5.13,2.9,
9/2/2024,5:53 PM,13,1,window,4.45,5.4,2.85,
9/2/2024,5:55 PM,13,2,room,2.96,4.54,2.21,
9/2/2024,5:56 PM,13,2,window,4.55,5.61,2.78,
9/2/2024,5:58 PM,13,3,room,5.72,5.99,3.16,
9/2/2024,5:59 PM,13,3,window,3.92,5.62,2.23,
9/2/2024,6:00 PM,13,4,room,4.32,5.13,2.94,
9/2/2024,6:01 PM,13,4,window,3.74,4.95,2.36,
9/2/2024,6:02 PM,13,5,room,3.78,5.65,3.27,
9/2/2024,6:03 PM,13,5,window,7,4.88,2.9,
9/2/2024,6:05 PM,13,6,room,3.25,4.33,2.8,
9/2/2024,6:06 PM,13,6,window,4.12,5.38,2.72,
9/2/2024,6:07 PM,13,7,room,4.46,6.125,2.79,
9/2/2024,6:09 PM,13,7,window,3.8,4.74,2.76,
9/2/2024,6:10 PM,13,8,room,3.56,4.74,3.11,
9/2/2024,6:11 PM,13,8,window,6.06,4.74,2.82,
9/2/2024,6:13 PM,13,9,room,3.37,5.2,2.81,
9/2/2024,6:14 PM,13,9,window,7.875,4.79,3.46,
9/2/2024,6:15 PM,13,10,room,4.58,5.5,2.91,
9/2/2024,6:16 PM,13,10,window,4.25,5.29,2.43,
9/3/2024,7:17 AM,14,1,room,4.6,6.375,2.9,
9/3/2024,7:19 AM,14,1,window,4.52,5.55,2.71,
9/3/2024,7:20 AM,14,2,room,3.73,4.93,2.25,
9/3/2024,7:21 AM,14,2,window,5.15,6.375,2.82,
9/3/2024,7:23 AM,14,3,room,6.25,6.875,2.95,
9/3/2024,7:24 AM,14,3,window,4.05,7,2.26,
9/3/2024,7:26 AM,14,4,room,4.58,5.67,2.91,
9/3/2024,7:27 AM,14,4,window,4.18,5.54,2.38,
9/3/2024,7:28 AM,14,5,room,4.06,6.625,2.92,
9/3/2024,7:30 AM,14,5,window,7.5,4.93,2.85,
9/3/2024,7:31 AM,14,6,room,3.42,4.18,2.74,
9/3/2024,7:32 AM,14,6,window,4.58,6,2.73,
9/3/2024,7:34 AM,14,7,room,3.89,6.25,2.82,
9/3/2024,7:36 AM,14,7,window,4.55,4.77,2.8,
9/3/2024,7:36 AM,14,8,room,4.44,5.02,3.13,
9/3/2024,7:38 AM,14,8,window,6.875,5.01,2.97,
9/3/2024,7:40 AM,14,9,room,4.51,5.83,2.81,
9/3/2024,7:41 AM,14,9,window,8.5,4.82,3.46,
9/3/2024,7:42 AM,14,10,room,5.28,6.03,2.81,
9/3/2024,7:43 AM,14,10,window,4.46,5.89,2.41,
9/4/2024,4:36 PM,15,1,room,4.03,4.72,2.99,
9/4/2024,4:38 PM,15,1,window,4.33,5.18,2.82,
9/4/2024,4:39 PM,15,2,room,3.53,4.52,2.33,
9/4/2024,4:41 PM,15,2,window,5.11,6.5,3,
9/4/2024,4:42 PM,15,3,room,6.25,5.88,3.26,
9/4/2024,4:43 PM,15,3,window,4.06,6.375,2.23,
9/4/2024,4:44 PM,15,4,room,4.61,5.3,3.11,
9/4/2024,4:45 PM,15,4,window,4.78,5.25,2.5,
9/4/2024,4:47 PM,15,5,room,4.21,6.01,3.15,
9/4/2024,4:48 PM,15,5,window,8.25,5.07,2.8,
9/4/2024,4:50 PM,15,6,room,3.41,4.48,2.88,
9/4/2024,4:51 PM,15,6,window,4.48,5.49,3.23,
9/4/2024,4:52 PM,15,7,room,4.95,5.35,2.75,
9/4/2024,4:53 PM,15,7,window,4.4,4.81,2.8,
9/4/2024,4:55 PM,15,8,room,4.25,5.02,3.26,
9/4/2024,4:56 PM,15,8,window,6.75,4.85,3.18,
9/4/2024,4:58 PM,15,9,room,4.02,5.42,2.82,
9/4/2024,4:59 PM,15,9,window,8.25,4.94,3.59,
9/4/2024,5:00 PM,15,10,room,5.13,5.23,2.74,
9/4/2024,5:01 PM,15,10,window,4.68,5.72,2.44,
9/5/2024,8:18 AM,16,1,room,4.1,5.74,2.94,
9/5/2024,8:20 AM,16,1,window,4.74,5.21,2.81,
9/5/2024,8:21 AM,16,2,room,3.56,5.03,2.37,
9/5/2024,8:22 AM,16,2,window,5.74,6.375,2.99,
9/5/2024,8:24 AM,16,3,room,6.75,6.75,3.26,
9/5/2024,8:25 AM,16,3,window,4.27,7.125,2.44,
9/5/2024,8:26 AM,16,4,room,5.13,5.88,3.05,
9/5/2024,8:27 AM,16,4,window,5.13,5.88,2.53,
9/5/2024,8:29 AM,16,5,room,4.5,6.25,3.27,
9/5/2024,8:31 AM,16,5,window,8.625,4.74,2.93,
9/5/2024,8:33 AM,16,6,room,3.72,4.57,2.88,
9/5/2024,8:33 AM,16,6,window,4.91,6.375,2.78,
9/5/2024,8:36 AM,16,7,room,4.53,6.1,2.94,
9/5/2024,8:37 AM,16,7,window,4.65,4.8,3.06,
9/5/2024,8:38 AM,16,8,room,4.82,5.52,3.21,
9/5/2024,8:39 AM,16,8,window,7.5,5.33,3.17,
9/5/2024,8:41 AM,16,9,room,4.36,5.62,2.7,
9/5/2024,8:41 AM,16,9,window,8.625,5.09,3.52,
9/5/2024,8:43 AM,16,10,room,5.35,5.68,2.71,
9/5/2024,8:44 AM,16,10,window,5.05,6.5,2.5,
9/6/2024,9:47 AM,17,1,room,4.25,5.92,3.04,
9/6/2024,9:48 AM,17,1,window,5.02,5.37,2.84,
9/6/2024,9:50 AM,17,2,room,3.64,5.42,2.52,
9/6/2024,9:51 AM,17,2,window,5.99,7,3.04,
9/6/2024,9:52 AM,17,3,room,7.125,7.75,3.61,
9/6/2024,9:53 AM,17,3,window,4.77,7.375,2.44,
9/6/2024,9:55 AM,17,4,room,5.32,6.01,3.14,
9/6/2024,9:56 AM,17,4,window,5.57,5.91,2.62,
9/6/2024,9:57 AM,17,5,room,5.31,6.75,3.38,
9/6/2024,9:59 AM,17,5,window,9,5.03,2.96,
9/6/2024,3:17 PM,17,6,room,3.84,4.9,2.98,
9/6/2024,3:18 PM,17,6,window,5.42,5.89,2.93,
9/6/2024,3:19 PM,17,7,room,4.47,6.375,3,
9/6/2024,3:21 PM,17,7,window,5.12,5.06,3.15,
9/6/2024,3:23 PM,17,8,room,4.54,5.6,3.4,
9/6/2024,3:24 PM,17,8,window,7.625,6.02,3.41,
9/6/2024,3:25 PM,17,9,room,4.49,6.375,2.74,
9/6/2024,3:26 PM,17,9,window,8.875,5.28,3.71,
9/6/2024,3:27 PM,17,10,room,5.65,5.92,2.83,
9/6/2024,3:28 PM,17,10,window,5.26,6.11,2.81,
9/7/2024,12:19 PM,18,1,room,4.54,5.76,3.02,
9/7/2024,12:20 PM,18,1,window,5.17,5.4,2.93,
9/7/2024,12:21 PM,18,2,room,3.98,5.22,2.58,
9/7/2024,12:22 PM,18,2,window,6.13,7.75,3.24,
9/7/2024,12:24 PM,18,3,room,7.5,7.375,3.48,
9/7/2024,12:26 PM,18,3,window,5.2,7.25,2.46,
9/7/2024,12:27 PM,18,4,room,5.43,6.625,3.17,
9/7/2024,12:29 PM,18,4,window,6.07,6.5,2.69,
9/7/2024,12:30 PM,18,5,room,5.52,7.625,3.31,
9/7/2024,12:32 PM,18,5,window,9.25,4.88,3.05,
9/7/2024,12:33 PM,18,6,room,4.04,4.88,2.95,
9/7/2024,12:34 PM,18,6,window,5.25,6.25,3.12,
9/7/2024,12:36 PM,18,7,room,4.64,6.75,3.09,
9/7/2024,12:37 PM,18,7,window,5.69,5.37,3.22,
9/7/2024,12:39 PM,18,8,room,5.29,5.83,3.39,
9/7/2024,12:40 PM,18,8,window,8.75,6,3.35,
9/7/2024,12:41 PM,18,9,room,4.58,6.75,3.01,
9/7/2024,12:43 PM,18,9,window,9.75,5.44,3.79,
9/7/2024,12:44 PM,18,10,room,5.96,6.02,2.91,
9/7/2024,12:45 PM,18,10,window,5.5,7.25,2.72,
9/8/2024,12:55 PM,19,1,room,4.71,5.6,3.1,
9/8/2024,12:56 PM,19,1,window,5.45,5.6,3.02,
9/8/2024,12:58 PM,19,2,room,3.78,5.4,2.57,
9/8/2024,12:59 PM,19,2,window,6.625,7.375,3.32,
9/8/2024,1:01 PM,19,3,room,7.75,7.625,3.81,
9/8/2024,1:02 PM,19,3,window,5.57,7.375,2.47,
9/8/2024,1:04 PM,19,4,room,5.79,6.375,3.28,
9/8/2024,1:06 PM,19,4,window,5.5,6.75,2.72,
9/8/2024,1:07 PM,19,5,room,5.7,7.5,3.39,
9/8/2024,1:09 PM,19,5,window,9.5,4.99,3.14,
9/8/2024,4:13 PM,19,6,room,4.5,5.09,2.92,
9/8/2024,4:15 PM,19,6,window,5.5,6.5,3.36,
9/8/2024,4:17 PM,19,7,room,4.57,6.875,3.16,
9/8/2024,4:19 PM,19,7,window,5.38,5.17,3.21,
9/8/2024,4:20 PM,19,8,room,5.28,5.96,3.45,
9/8/2024,4:21 PM,19,8,window,9.125,6.625,3.64,
9/8/2024,4:23 PM,19,9,room,4.53,6.11,2.94,
9/8/2024,4:24 PM,19,9,window,10.5,5.13,3.9,
9/8/2024,4:25 PM,19,10,room,6.25,6,2.97,
9/8/2024,4:27 PM,19,10,window,5.8,6.5,2.94,
9/9/2024,8:38 AM,20,1,room,5.32,6.5,3.07,
9/9/2024,8:40 AM,20,1,window,6.5,5.84,2.93,
9/9/2024,8:42 AM,20,2,room,4.4,5.88,2.65,
9/9/2024,8:44 AM,20,2,window,6.75,7.25,3.21,
9/9/2024,8:43 AM,20,3,room,8.25,8,3.7,
9/9/2024,8:46 AM,20,3,window,6.04,7.625,2.44,
9/9/2024,8:47 AM,20,4,room,6.25,6.875,3.29,
9/9/2024,8:49 AM,20,4,window,6.375,7.625,2.75,
9/9/2024,8:50 AM,20,5,room,6,8.625,3.47,
9/9/2024,8:52 AM,20,5,window,10,5.43,3.2,
9/9/2024,8:04 PM,20,6,room,4.52,5.36,2.94,
9/9/2024,8:05 PM,20,6,window,6.125,5.75,3.54,
9/9/2024,8:06 PM,20,7,room,5.11,7.25,3.11,
9/9/2024,8:08 PM,20,7,window,6.125,5.54,3.11,
9/9/2024,8:10 PM,20,8,room,5.43,6.375,3.44,
9/9/2024,8:12 PM,20,8,window,9.375,7.25,3.52,
9/9/2024,8:13 PM,20,9,room,5.04,6.375,2.83,
9/9/2024,8:14 PM,20,9,window,11.25,5.25,3.89,
9/9/2024,8:15 PM,20,10,room,5.375,5.625,2.99,
9/9/2024,8:17 PM,20,10,window,6.5,6.125,2.8,
9/10/2024,1:06 PM,21,1,room,5.41,6.625,3.15,
9/10/2024,1:08 PM,21,1,window,6.75,5.53,3.04,
9/10/2024,1:09 PM,21,2,room,4.25,5.75,2.76,
9/10/2024,1:10 PM,21,2,window,7.5,7.5,3.22,
9/10/2024,1:11 PM,21,3,room,9.25,7.875,3.83,
9/10/2024,1:12 PM,21,3,window,6.5,7.25,2.58,
9/10/2024,1:14 PM,21,4,room,5.75,6.375,3.21,
9/10/2024,1:15 PM,21,4,window,6.125,7.25,2.82,
9/10/2024,1:16 PM,21,5,room,6.125,7.75,3.36,
9/10/2024,1:18 PM,21,5,window,10.375,6.375,3.01,
9/10/2024,1:19 PM,21,6,room,4.85,6.07,3.05,
9/10/2024,1:21 PM,21,6,window,6.75,7.25,3.17,
9/10/2024,1:22 PM,21,7,room,5.47,7.625,3.12,
9/10/2024,1:24 PM,21,7,window,6.375,5.375,3.14,
9/10/2024,1:25 PM,21,8,room,5.65,6.125,3.47,
9/10/2024,1:27 PM,21,8,window,10.2,7.625,3.56,
9/10/2024,1:28 PM,21,9,room,4.8,6.875,2.91,
9/10/2024,1:30 PM,21,9,window,11.3,5.25,3.82,
9/10/2024,1:32 PM,21,10,room,6.5,6.65,3.01,
9/10/2024,1:33 PM,21,10,window,6.625,6.625,2.83,
9/11/2024,8:45 AM,22,1,room,6,6.625,3.2,
9/11/2024,8:47 AM,22,1,window,7.5,5.91,3.06,1
9/11/2024,8:49 AM,22,2,room,5.05,5.59,2.77,
9/11/2024,8:50 AM,22,2,window,7.875,7.5,3.41,
9/11/2024,8:51 AM,22,3,room,9.875,8.25,3.98,1
9/11/2024,8:53 AM,22,3,window,7.5,7.375,2.6,
9/11/2024,8:55 AM,22,4,room,7.125,6.625,3.25,
9/11/2024,8:56 AM,22,4,window,7.625,8,3.58,
9/11/2024,8:58 AM,22,5,room,6.75,7.5,3.53,
9/11/2024,8:59 AM,22,5,window,10.375,7.5,3.42,
9/11/2024,9:01 AM,22,6,room,5.25,6.375,2.87,
9/11/2024,9:02 AM,22,6,window,6.875,8.25,3.2,
9/11/2024,9:03 AM,22,7,room,6.25,7.875,2.86,
9/11/2024,9:05 AM,22,7,window,7.2,6.125,3.16,1
9/11/2024,9:06 AM,22,8,room,6.375,6.3125,3.57,
9/11/2024,9:08 AM,22,8,window,9.375,8,3.62,
9/11/2024,9:09 AM,22,9,room,5.49,6.625,3.02,
9/11/2024,9:11 AM,22,9,window,11.75,5.51,3.84,1
9/11/2024,9:11 AM,22,10,room,6.875,6,3.07,
9/11/2024,9:14 AM,22,10,window,6.875,6.875,2.78,
9/12/2024,9:31 AM,23,1,room,6.125,6.125,3.15,
9/12/2024,9:33 AM,23,1,window,8.25,5.71,3.17,1
9/12/2024,9:29 AM,23,2,room,5.31,5.73,2.91,
9/12/2024,9:34 AM,23,2,window,8.75,8.625,3.21,1
9/12/2024,9:36 AM,23,3,room,9.85,8.625,4.19,1
9/12/2024,9:37 AM,23,3,window,7.5,7.3,2.56,
9/12/2024,9:39 AM,23,4,room,7.375,5.875,3.24,
9/12/2024,9:41 AM,23,4,window,7.625,8,3.68,
9/12/2024,9:43 AM,23,5,room,7.25,8.25,3.58,
9/12/2024,9:45 AM,23,5,window,11.375,7.625,3.49,1
9/12/2024,9:46 AM,23,6,room,5.83,7.35,2.99,
9/12/2024,9:48 AM,23,6,window,7.25,7.375,3.33,
9/12/2024,12:09 PM,23,7,room,6.5,8.25,2.95,
9/12/2024,12:11 PM,23,7,window,7.125,7.25,3.44,2
9/12/2024,12:13 PM,23,8,room,7.125,6.25,3.62,
9/12/2024,12:14 PM,23,8,window,10.5,7.3,3.64,
9/12/2024,12:15 PM,23,9,room,6.4,6.5,3.03,
9/12/2024,12:16 PM,23,9,window,12.5,6.5,4.03,1
9/12/2024,12:17 PM,23,10,room,6.875,6,3.16,
9/12/2024,12:19 PM,23,10,window,7.75,6.75,2.9,
9/13/2024,8:46 AM,24,1,room,7,5.94,3.23,
9/13/2024,8:48 AM,24,1,window,8.875,5.53,3.17,
9/13/2024,8:49 AM,24,2,room,5.76,5.43,2.95,
9/13/2024,8:50 AM,24,2,window,9,9.125,3.53,1
9/13/2024,8:52 AM,24,3,room,8.25,8.5,3.76,1
9/13/2024,8:53 AM,24,3,window,8.375,6.75,2.53,
9/13/2024,8:55 AM,24,4,room,7.9,6.1,3.28,
9/13/2024,8:56 AM,24,4,window,8.375,8,2.89,
9/13/2024,8:58 AM,24,5,room,8.1,7.625,3.65,
9/13/2024,9:00 AM,24,5,window,11.87,5,3.47,1
9/13/2024,9:02 AM,24,6,room,5.98,7.125,2.95,
9/13/2024,9:04 AM,24,6,window,8.25,7.75,3.26,1
9/13/2024,8:46 PM,24,7,room,7.625,8.75,3.06,
9/13/2024,8:48 PM,24,7,window,7.5,5.625,3.36,1
9/13/2024,8:50 PM,24,8,room,7.125,6.375,3.63,
9/13/2024,8:51 PM,24,8,window,11.375,8,3.59,
9/13/2024,8:52 PM,24,9,room,6.4,6.875,3.07,
9/13/2024,8:54 PM,24,9,window,13.375,5.25,4.1,1
9/13/2024,8:55 PM,24,10,room,7.4,5.67,3.24,
9/13/2024,8:57 PM,24,10,window,7.5,7.125,2.9,
9/14/2024,9:43 AM,25,1,room,7.625,5.875,3.23,
9/14/2024,9:45 AM,25,1,window,9.625,5.875,3.25,1
9/14/2024,9:47 AM,25,2,room,6.5,5.5,3,
9/14/2024,9:48 AM,25,2,window,9.625,9.75,3.37,1
9/14/2024,9:50 AM,25,3,room,10.875,6.75,4.11,1
9/14/2024,9:51 AM,25,3,window,8.5,8.125,2.6,
9/14/2024,9:52 AM,25,4,room,8.75,6.7,3.29,
9/14/2024,9:54 AM,25,4,window,9.625,8.5,3.13,
9/14/2024,9:55 AM,25,5,room,9.4,8.75,3.66,
9/14/2024,9:57 AM,25,5,window,13.375,5.42,3.48,1
9/14/2024,5:28 PM,25,6,room,6.4,7.25,3.01,
9/14/2024,5:30 PM,25,6,window,8.75,7.25,3.52,1
9/14/2024,5:32 PM,25,7,room,8.625,9,2.92,
9/14/2024,5:34 PM,25,7,window,8.5,5.875,3.38,
9/14/2024,5:36 PM,25,8,room,7.75,6.625,3.65,
9/14/2024,5:38 PM,25,8,window,12,8.25,3.82,1
9/14/2024,5:40 PM,25,9,room,6.875,6.875,3.2,
9/14/2024,5:41 PM,25,9,window,13.75,5.7,4.17,1
9/14/2024,5:45 PM,25,10,room,8,6.25,3.27,
9/14/2024,5:46 PM,25,10,window,8.25,7.5,2.93,
9/15/2024,10:23 AM,26,1,room,7.5,5.25,3.32,
9/15/2024,10:25 AM,26,1,window,10.375,5.625,3.33,1
9/15/2024,10:27 AM,26,2,room,6.25,5.5,3.11,
9/15/2024,10:28 AM,26,2,window,9.375,10.625,3.53,1
9/15/2024,10:30 AM,26,3,room,10.75,5.625,4.03,1
9/15/2024,10:32 AM,26,3,window,9.75,8.375,2.61,
9/15/2024,10:33 AM,26,4,room,8.375,7.125,3.43,
9/15/2024,10:35 AM,26,4,window,10.625,8.5,3.17,1
9/15/2024,10:37 AM,26,5,room,8.25,8.25,3.66,1
9/15/2024,10:39 AM,26,5,window,13.25,4.8,3.5,1
9/15/2024,5:53 PM,26,6,room,6.75,7.625,2.96,
9/15/2024,5:55 PM,26,6,window,8.75,6.5,3.7,1
9/15/2024,5:57 PM,26,7,room,8.875,9.5,3.11,
9/15/2024,5:58 PM,26,7,window,9,5.875,3.31,1
9/15/2024,6:00 PM,26,8,room,8.4,6.5,3.66,
9/15/2024,6:01 PM,26,8,window,12.625,8.625,3.85,1
9/15/2024,6:03 PM,26,9,room,7.75,7.25,3.31,
9/15/2024,6:04 PM,26,9,window,14.625,5.625,4.14,1
9/15/2024,6:07 PM,26,10,room,7.875,5.625,3.14,
9/15/2024,6:08 PM,26,10,window,9,7.7,2.95,
9/16/2024,5:19 PM,27,1,room,8.25,5.625,3.26,
9/16/2024,5:21 PM,27,1,window,11.625,6,3.27,1
9/16/2024,5:22 PM,27,2,room,6.75,5.25,3.03,
9/16/2024,5:23 PM,27,2,window,12.25,11.75,3.52,1
9/16/2024,5:25 PM,27,3,room,11.25,5.875,4.04,1
9/16/2024,5:27 PM,27,3,window,9.25,8.75,2.62,
9/16/2024,5:29 PM,27,4,room,10.125,6.875,3.16,
9/16/2024,5:31 PM,27,4,window,10.75,8.375,3.13,1
9/16/2024,5:32 PM,27,5,room,9.875,8.625,3.81,1
9/16/2024,5:34 PM,27,5,window,14.125,6.625,3.48,1
9/16/2024,5:36 PM,27,6,room,8,7.875,2.91,
9/16/2024,5:37 PM,27,6,window,10.625,9.56,3.73,1
9/16/2024,5:44 PM,27,7,room,9.75,9.75,3.07,
9/16/2024,5:41 PM,27,7,window,9.25,6.25,3.4,1
9/16/2024,5:45 PM,27,8,room,8.625,6.375,3.62,
9/16/2024,5:47 PM,27,8,window,14.125,8.75,3.87,1
9/16/2024,5:48 PM,27,9,room,8.875,8,3.31,
9/16/2024,5:50 PM,27,9,window,16,5.875,4.1,1
9/16/2024,5:52 PM,27,10,room,8.875,7.2,3.22,
9/16/2024,5:53 PM,27,10,window,9.625,7.75,3.05,
9/17/2024,7:35 AM,28,1,room,9,5.75,3.28,
9/17/2024,7:37 AM,28,1,window,11.75,6,3.28,1
9/17/2024,7:38 AM,28,2,room,7.25,5.55,2.9,
9/17/2024,7:39 AM,28,2,window,11.75,11.25,3.54,1
9/17/2024,7:41 AM,28,3,room,11.25,5.89,3.86,1
9/17/2024,7:42 AM,28,3,window,9.875,8.375,2.59,
9/17/2024,7:44 AM,28,4,room,9.75,7.375,3.27,
9/17/2024,7:45 AM,28,4,window,12.25,8.875,3.17,1
9/17/2024,7:46 AM,28,5,room,11.25,10.5,3.53,2
9/17/2024,7:48 AM,28,5,window,14.94,6.25,3.49,1
9/17/2024,7:50 AM,28,6,room,8.125,9.5,2.58,
9/17/2024,7:51 AM,28,6,window,11.375,10.625,3.02,1
9/17/2024,7:15 PM,28,7,room,10.5,10.125,3.15,
9/17/2024,7:16 PM,28,7,window,9.875,5.75,3.01,1
9/17/2024,7:17 PM,28,8,room,8.5,6.25,3.63,
9/17/2024,7:19 PM,28,8,window,15.125,8.75,3.9,1
9/17/2024,7:21 PM,28,9,room,7.875,7.75,3.43,
9/17/2024,7:23 PM,28,9,window,16.375,6.5,3.73,1
9/17/2024,7:25 PM,28,10,room,9,6.875,3.27,
9/17/2024,7:27 PM,28,10,window,10.25,8.25,2.98,
9/18/2024,8:06 PM,29,1,room,9,6.125,3.35,
9/18/2024,8:08 PM,29,1,window,10.875,6.25,3.43,1
9/18/2024,8:10 PM,29,2,room,7.5,4.68,3.21,
9/18/2024,8:11 PM,29,2,window,14.125,11.25,3.81,1
9/18/2024,8:12 PM,29,3,room,11.25,6.02,3.81,1
9/18/2024,8:13 PM,29,3,window,11.125,9,2.48,
9/18/2024,8:15 PM,29,4,room,11.25,7.25,3.37,
9/18/2024,8:16 PM,29,4,window,12.375,9.25,3.33,1
9/18/2024,8:18 PM,29,5,room,12,9,3.98,2
9/18/2024,8:20 PM,29,5,window,14.9,10.125,3.54,1
9/18/2024,8:22 PM,29,6,room,8.125,8.375,2.53,
9/18/2024,8:24 PM,29,6,window,12.5,10.625,3.86,1
9/18/2024,8:26 PM,29,7,room,11.125,10.85,3.12,
9/18/2024,8:28 PM,29,7,window,10,5.5,3,1
9/18/2024,8:30 PM,29,8,room,9,6.625,3.66,
9/18/2024,8:31 PM,29,8,window,14.125,8.75,3.55,1
9/18/2024,8:34 PM,29,9,room,8.25,7.75,3.41,
9/18/2024,8:36 PM,29,9,window,17.375,6.75,3.69,1
9/18/2024,8:40 PM,29,10,room,9.125,6.75,3.31,
9/18/2024,8:42 PM,29,10,window,10.5,8.625,3.58,
9/19/2024,10:19 AM,30,1,room,9.625,6.5,3.42,
9/19/2024,10:21 AM,30,1,window,13,6.125,3.49,
9/19/2024,10:23 AM,30,2,room,8.125,5.25,3.11,
9/19/2024,10:24 AM,30,2,window,14.25,12.5,3.56,1
9/19/2024,10:26 AM,30,3,room,12.5,5.85,3.78,1
9/19/2024,10:27 AM,30,3,window,10.25,9.75,2.49,
9/19/2024,10:30 AM,30,4,room,10.75,7.75,3.38,
9/19/2024,10:40 AM,30,4,window,13,10.25,3.19,1
9/19/2024,10:41 AM,30,5,room,12.25,8.25,3.97,2
9/19/2024,10:44 AM,30,5,window,15.625,10.625,3.51,1
9/19/2024,8:13 PM,30,6,room,8.625,8.75,2.61,
9/19/2024,8:15 PM,30,6,window,13.25,11.25,3.58,1
9/19/2024,8:16 PM,30,7,room,10.625,9.75,2.91,
9/19/2024,8:18 PM,30,7,window,10.625,5.75,3,1
9/19/2024,8:20 PM,30,8,room,10.125,6.375,3.61,
9/19/2024,8:22 PM,30,8,window,15.625,9.75,3.51,1
9/19/2024,8:24 PM,30,9,room,8.375,8,3.42,
9/19/2024,8:25 PM,30,9,window,17.375,6.25,3.74,1
9/19/2024,8:27 PM,30,10,room,8.75,7.625,3.52,
9/19/2024,8:28 PM,30,10,window,11.625,8.5,3.07,
9/20/2024,8:35 AM,31,1,room,10.75,6.5,3.14,
9/20/2024,8:37 AM,31,1,window,13.25,6.0625,3.53,1
9/20/2024,8:39 AM,31,2,room,8.5,4.75,3.24,
9/20/2024,8:40 AM,31,2,window,15.375,14.5,3.62,1
9/20/2024,8:41 AM,31,3,room,11.25,6,3.81,1
9/20/2024,8:43 AM,31,3,window,11.375,9.5,2.43,1
9/20/2024,8:44 AM,31,4,room,11,8.125,3.42,
9/20/2024,8:45 AM,31,4,window,13.875,10.5,3.27,1
9/20/2024,8:48 AM,31,5,room,13.125,9.875,3.92,2
9/20/2024,8:50 AM,31,5,window,16.125,9.75,3.51,1
9/20/2024,8:52 PM,31,6,room,8.75,8.625,2.58,
9/20/2024,8:54 PM,31,6,window,14.125,11.25,3.67,1
9/20/2024,8:56 PM,31,7,room,12.5,10.125,3.02,
9/20/2024,8:58 PM,31,7,window,10.75,6.625,3.1,1
9/20/2024,9:00 PM,31,8,room,9.75,6.625,3.6,
9/20/2024,9:03 PM,31,8,window,16.125,9.625,3.56,1
9/20/2024,9:05 PM,31,9,room,8.5,7.75,3.33,
9/20/2024,9:07 PM,31,9,window,18.625,6,3.87,1
9/20/2024,9:08 PM,31,10,room,9.75,7.75,3.46,
9/20/2024,9:09 PM,31,10,window,11.25,9.125,3.09,
9/21/2024,1:07 PM,32,1,room,10.875,6.75,3.34,
9/21/2024,1:10 PM,32,1,window,14.125,6.25,3.48,1
9/21/2024,1:11 PM,32,2,room,8.25,5.125,3.25,
9/21/2024,1:13 PM,32,2,window,13.375,11.625,3.49,1
9/21/2024,1:15 PM,32,3,room,11.5,5.875,3.68,1
9/21/2024,1:17 PM,32,3,window,11.625,10,2.59,1
9/21/2024,1:19 PM,32,4,room,11.125,7.5,3.54,
9/21/2024,1:20 PM,32,4,window,14.4,11.625,3.29,1
9/21/2024,1:23 PM,32,5,room,12.625,10.25,4.14,2
9/21/2024,1:25 PM,32,5,window,16.625,10.625,3.42,1
9/21/2024,6:00 PM,32,6,room,8.75,9.625,2.72,
9/21/2024,6:02 PM,32,6,window,15.25,13.25,3.72,1
9/21/2024,6:04 PM,32,7,room,11.75,10.125,3.16,
9/21/2024,6:06 PM,32,7,window,11.125,6.75,3.15,1
9/21/2024,6:07 PM,32,8,room,10.375,6.375,3.62,
9/21/2024,6:09 PM,32,8,window,16.75,9.5,3.62,1
9/21/2024,6:13 PM,32,9,room,8.375,8.5,3.37,
9/21/2024,6:10 PM,32,9,window,18.75,6.75,3.82,1
9/21/2024,6:14 PM,32,10,room,9.5,8.375,3.43,
9/21/2024,6:16 PM,32,10,window,13,8.875,3.12,
9/22/2024,12:01 PM,33,1,room,11.5,7,3.4,
9/22/2024,12:03 PM,33,1,window,15.125,6,3.48,1
9/22/2024,12:04 PM,33,2,room,8.75,5.375,3.31,
9/22/2024,5,33,2,window,14.25,13.375,3.59,1
9/22/2024,7,33,3,room,11.375,6.25,3.85,1
9/22/2024,8,33,3,window,12.5,10.5,2.6,1
9/22/2024,9,33,4,room,11.75,7.625,3.46,
9/22/2024,5:42 PM,33,4,window,16.25,12.5,3.64,1
9/22/2024,45,33,5,room,11.75,11.375,4.12,2
9/22/2024,46,33,5,window,17.5,10,3.5,1
9/22/2024,48,33,6,room,9.5,9.875,2.61,
9/22/2024,49,33,6,window,15.875,13.75,3.35,1
9/22/2024,51,33,7,room,11.875,10,3,
9/22/2024,53,33,7,window,11.125,6.5,3.11,1
9/22/2024,54,33,8,room,10.875,7,3.64,
9/22/2024,56,33,8,window,17.5,9.5,3.56,1
9/22/2024,58,33,9,room,8.25,8.75,3.38,
9/22/2024,6:00 PM,33,9,window,19.25,6.625,4.01,1
9/22/2024,2,33,10,room,9.5,8.375,3.43,
9/22/2024,3,33,10,window,13.125,10.25,3.03,1
9/23/2024,5:43 PM,34,1,room,11.625,7,3.36,
9/23/2024,44,34,1,window,14.125,5.875,3.62,1
9/23/2024,46,34,2,room,9,5.375,3.33,
9/23/2024,47,34,2,window,13,12.625,3.99,1
9/23/2024,49,34,3,room,11.625,7,3.95,1
9/23/2024,50,34,3,window,13.25,11.375,2.65,1
9/23/2024,51,34,4,room,12.25,4.25,3.56,1
9/23/2024,52,34,4,window,15.5,11.5,3.61,1
9/23/2024,54,34,5,room,12.5,12.5,3.93,2
9/23/2024,56,34,5,window,16.625,10.25,3.54,1
9/23/2024,58,34,6,room,10,10.75,2.62,
9/23/2024,6:00 PM,34,6,window,17,12.75,3.4,1
9/23/2024,2,34,7,room,11.5,11.75,2.89,
9/23/2024,5,34,7,window,11.375,7.125,3.22,1
9/23/2024,6,34,8,room,11.125,7.125,3.6,
9/23/2024,9,34,8,window,17.375,10.25,3.89,1
9/23/2024,11,34,9,room,8.5,8.875,3.48,
9/23/2024,12,34,9,window,18.625,6.75,4.01,1
9/23/2024,14,34,10,room,9.5,7.625,3.43,
9/23/2024,16,34,10,window,13,9,3.02,1
