Date,Sunrise,Sunset,Hours of Daylight
8/21/24,5:58 AM,7:35 PM,13:36:49
8/22/24,5:59 AM,7:33 PM,13:34:11
8/23/24,6:00 AM,7:32 PM,13:31:32
8/24/24,6:01 AM,7:30 PM,13:28:52
8/25/24,6:02 AM,7:29 PM,13:26:12
8/26/24,6:03 AM,7:27 PM,13:23:31
8/27/24,6:05 AM,7:25 PM,13:20:49
8/28/24,6:06 AM,7:24 PM,13:18:07
8/29/24,6:07 AM,7:22 PM,13:15:24
8/30/24,6:08 AM,7:20 PM,13:12:41
8/31/24,6:09 AM,7:19 PM,13:09:56
9/1/24,6:10 AM,7:17 PM,13:07:12
9/2/24,6:11 AM,7:15 PM,13:04:27
9/3/24,6:12 AM,7:14 PM,13:01:41
9/4/24,6:13 AM,7:12 PM,12:58:55
9/5/24,6:14 AM,7:10 PM,12:56:09
9/6/24,6:15 AM,7:08 PM,12:53:22
9/7/24,6:16 AM,7:07 PM,12:50:35
9/8/24,6:17 AM,7:05 PM,12:47:47
9/9/24,6:18 AM,7:03 PM,12:44:59
9/10/24,6:19 AM,7:01 PM,12:42:11
9/11/24,6:20 AM,7:00 PM,12:39:23
9/12/24,6:21 AM,6:58 PM,12:36:34
9/13/24,6:22 AM,6:56 PM,12:33:46
9/14/24,6:23 AM,6:54 PM,12:30:57
9/15/24,6:25 AM,6:53 PM,12:28:07
9/16/24,6:26 AM,6:51 PM,12:25:18
9/17/24,6:27 AM,6:49 PM,12:22:29
9/18/24,6:28 AM,6:47 PM,12:19:39
9/19/24,6:29 AM,6:46 PM,12:16:49
9/20/24,6:30 AM,6:44 PM,12:14:00
9/21/24,6:31 AM,6:42 PM,12:11:10
9/22/24,6:32 AM,6:40 PM,12:08:20
9/23/24,6:33 AM,6:38 PM,12:05:30